DAppSCAN\DAppSCAN-source\audit_report\consensys-Balancer_Finance\balancer-core-5d70da92b1bebaa515254d00a9e064ecac9bd18e\,Trail of Bits Full Audit.pdf,"1,545 KB",Microsoft Edge PDF Document,2023/10/18 15:53:57,2024/9/22 9:35:01,2024/10/21 20:53:10
DAppSCAN\DAppSCAN-source\audit_report\Coinfabrik-EasyPool Smart Contract Security Audit\EasyPool-master\,smart-contracts-audit.pdf,712 KB,Microsoft Edge PDF Document,2023/10/18 15:53:57,2024/9/22 9:34:58,2024/10/21 20:53:03
DAppSCAN\DAppSCAN-source\audit_report\Coinfabrik-EasyPool Smart Contract Security Audit v2\EasyPool-master\,smart-contracts-audit.pdf,712 KB,Microsoft Edge PDF Document,2023/10/18 15:53:57,2024/9/22 9:34:58,2024/10/21 20:53:03
DAppSCAN\DAppSCAN-source\audit_report\Coinfabrik-EasyPool Smart Contract Security Audit\EasyPool-master\,smart-contracts-audit-v2.pdf,462 KB,Microsoft Edge PDF Document,2023/10/18 15:53:57,2024/9/22 9:34:58,2024/10/21 20:53:03
DAppSCAN\DAppSCAN-source\audit_report\Coinfabrik-EasyPool Smart Contract Security Audit v2\EasyPool-master\,smart-contracts-audit-v2.pdf,462 KB,Microsoft Edge PDF Document,2023/10/18 15:53:57,2024/9/22 9:34:58,2024/10/21 20:53:03
DAppSCAN\DAppSCAN-source\audit_report\Trail_of_Bits-hermez\,report.pdf,553 KB,Microsoft Edge PDF Document,2023/10/18 15:53:57,2024/9/22 9:35:01,2024/10/21 20:55:09
DAppSCAN\DAppSCAN-source\audit_report\Trail_of_Bits-dharma-smartwallet\,report.pdf,"1,644 KB",Microsoft Edge PDF Document,2023/10/18 15:53:57,2024/9/22 9:35:01,2024/10/21 20:55:08
DAppSCAN\DAppSCAN-source\audit_report\Trail_of_Bits-BalancerCore\,report.pdf,"1,014 KB",Microsoft Edge PDF Document,2023/10/18 15:53:57,2024/9/22 9:35:01,2024/10/21 20:55:08
DAppSCAN\DAppSCAN-source\audit_report\Trail_of_Bits-ampleforth\,report.pdf,"1,048 KB",Microsoft Edge PDF Document,2023/10/18 15:53:57,2024/9/22 9:35:01,2024/10/21 20:55:06
DAppSCAN\DAppSCAN-source\audit_report\Runtime_Vеrification-Tracer_Perpetual_Pools_V2\,report.pdf,329 KB,Microsoft Edge PDF Document,2023/10/18 15:53:57,2024/9/22 9:35:00,2024/10/21 20:54:56
DAppSCAN\DAppSCAN-source\audit_report\Runtime_Vеrification-StakeWise\,report.pdf,328 KB,Microsoft Edge PDF Document,2023/10/18 15:53:57,2024/9/22 9:35:00,2024/10/21 20:54:56
DAppSCAN\DAppSCAN-source\audit_report\Runtime_Vеrification-ElementFinance\,report.pdf,346 KB,Microsoft Edge PDF Document,2023/10/18 15:53:57,2024/9/22 9:35:00,2024/10/21 20:54:55
DAppSCAN\DAppSCAN-source\audit_report\QuillAudits-Lido-Lido KSM\,report.pdf,"1,585 KB",Microsoft Edge PDF Document,2023/10/18 15:53:57,2024/9/22 9:35:00,2024/10/21 20:54:49
DAppSCAN\DAppSCAN-source\audit_report\Quantstamp-Zora\,report.pdf,344 KB,Microsoft Edge PDF Document,2023/10/18 15:53:57,2024/9/22 9:34:59,2024/10/21 20:54:30
DAppSCAN\DAppSCAN-source\audit_report\Quantstamp-Vault.Inc\,report.pdf,354 KB,Microsoft Edge PDF Document,2023/10/18 15:53:57,2024/9/22 9:34:59,2024/10/21 20:54:29
DAppSCAN\DAppSCAN-source\audit_report\Quantstamp-Token Mint\,report.pdf,341 KB,Microsoft Edge PDF Document,2023/10/18 15:53:57,2024/9/22 9:34:59,2024/10/21 20:54:29
DAppSCAN\DAppSCAN-source\audit_report\Quantstamp-SuperRare Token\,report.pdf,327 KB,Microsoft Edge PDF Document,2023/10/18 15:53:57,2024/9/22 9:34:59,2024/10/21 20:54:29
DAppSCAN\DAppSCAN-source\audit_report\Quantstamp-Stormx Token\,report.pdf,350 KB,Microsoft Edge PDF Document,2023/10/18 15:53:57,2024/9/22 9:34:59,2024/10/21 20:54:29
DAppSCAN\DAppSCAN-source\audit_report\Quantstamp-StakeHound\,report.pdf,347 KB,Microsoft Edge PDF Document,2023/10/18 15:53:57,2024/9/22 9:34:59,2024/10/21 20:54:29
DAppSCAN\DAppSCAN-source\audit_report\Quantstamp-Skale Proxy Contracts\,report.pdf,361 KB,Microsoft Edge PDF Document,2023/10/18 15:53:57,2024/9/22 9:34:59,2024/10/21 20:54:29
DAppSCAN\DAppSCAN-source\audit_report\Quantstamp-Skale Network\,report.pdf,424 KB,Microsoft Edge PDF Document,2023/10/18 15:53:57,2024/9/22 9:34:59,2024/10/21 20:54:29
DAppSCAN\DAppSCAN-source\audit_report\Quantstamp-SKALE Allocator\,report.pdf,359 KB,Microsoft Edge PDF Document,2023/10/18 15:53:57,2024/9/22 9:34:59,2024/10/21 20:54:28
DAppSCAN\DAppSCAN-source\audit_report\Quantstamp-Sherlock\,report.pdf,448 KB,Microsoft Edge PDF Document,2023/10/18 15:53:57,2024/9/22 9:34:59,2024/10/21 20:54:28
DAppSCAN\DAppSCAN-source\audit_report\Quantstamp-Sequence Smart Wallet\,report.pdf,354 KB,Microsoft Edge PDF Document,2023/10/18 15:53:57,2024/9/22 9:34:59,2024/10/21 20:54:28
DAppSCAN\DAppSCAN-source\audit_report\Quantstamp-SeleCT x StormX NFT\,report.pdf,333 KB,Microsoft Edge PDF Document,2023/10/18 15:53:57,2024/9/22 9:34:59,2024/10/21 20:54:28
DAppSCAN\DAppSCAN-source\audit_report\Quantstamp-Saddle Finance\,report.pdf,384 KB,Microsoft Edge PDF Document,2023/10/18 15:53:57,2024/9/22 9:34:59,2024/10/21 20:54:28
DAppSCAN\DAppSCAN-source\audit_report\Quantstamp-Saddle Finance VirtualSwap\,report.pdf,336 KB,Microsoft Edge PDF Document,2023/10/18 15:53:57,2024/9/22 9:34:59,2024/10/21 20:54:28
DAppSCAN\DAppSCAN-source\audit_report\Quantstamp-RToken Ethereum Contracts\,report.pdf,393 KB,Microsoft Edge PDF Document,2023/10/18 15:53:57,2024/9/22 9:34:59,2024/10/21 20:54:27
DAppSCAN\DAppSCAN-source\audit_report\Quantstamp-RariCapital\,report.pdf,418 KB,Microsoft Edge PDF Document,2023/10/18 15:53:57,2024/9/22 9:34:59,2024/10/21 20:54:27
DAppSCAN\DAppSCAN-source\audit_report\Quantstamp-RariCapital V2\,report.pdf,426 KB,Microsoft Edge PDF Document,2023/10/18 15:53:57,2024/9/22 9:34:59,2024/10/21 20:54:27
DAppSCAN\DAppSCAN-source\audit_report\Quantstamp-Rara\,report.pdf,427 KB,Microsoft Edge PDF Document,2023/10/18 15:53:57,2024/9/22 9:34:59,2024/10/21 20:54:27
DAppSCAN\DAppSCAN-source\audit_report\Quantstamp-RageTrade Core\,report.pdf,585 KB,Microsoft Edge PDF Document,2023/10/18 15:53:57,2024/9/22 9:34:59,2024/10/21 20:54:27
DAppSCAN\DAppSCAN-source\audit_report\Quantstamp-PowerTrade\,report.pdf,345 KB,Microsoft Edge PDF Document,2023/10/18 15:53:57,2024/9/22 9:34:59,2024/10/21 20:54:27
DAppSCAN\DAppSCAN-source\audit_report\Quantstamp-Popsicle\,report.pdf,379 KB,Microsoft Edge PDF Document,2023/10/18 15:53:57,2024/9/22 9:34:59,2024/10/21 20:54:26
DAppSCAN\DAppSCAN-source\audit_report\Quantstamp-PEAKDEFI\,report.pdf,361 KB,Microsoft Edge PDF Document,2023/10/18 15:53:57,2024/9/22 9:34:59,2024/10/21 20:54:26
DAppSCAN\DAppSCAN-source\audit_report\Quantstamp-OriginTrail Starfleet Staking\,report.pdf,358 KB,Microsoft Edge PDF Document,2023/10/18 15:53:57,2024/9/22 9:34:59,2024/10/21 20:54:26
DAppSCAN\DAppSCAN-source\audit_report\Quantstamp-Omisego Plasma MVP\,report.pdf,384 KB,Microsoft Edge PDF Document,2023/10/18 15:53:57,2024/9/22 9:34:59,2024/10/21 20:54:25
DAppSCAN\DAppSCAN-source\audit_report\Quantstamp-Nomad\,report.pdf,449 KB,Microsoft Edge PDF Document,2023/10/18 15:53:57,2024/9/22 9:34:59,2024/10/21 20:54:25
DAppSCAN\DAppSCAN-source\audit_report\Quantstamp-Naos-Formation\,report.pdf,368 KB,Microsoft Edge PDF Document,2023/10/18 15:53:57,2024/9/22 9:34:59,2024/10/21 20:54:24
DAppSCAN\DAppSCAN-source\audit_report\Quantstamp-NAOS-Formation Updates\,report.pdf,373 KB,Microsoft Edge PDF Document,2023/10/18 15:53:57,2024/9/22 9:34:59,2024/10/21 20:54:25
DAppSCAN\DAppSCAN-source\audit_report\Quantstamp-Multis\,report.pdf,360 KB,Microsoft Edge PDF Document,2023/10/18 15:53:57,2024/9/22 9:34:59,2024/10/21 20:54:24
DAppSCAN\DAppSCAN-source\audit_report\Quantstamp-MetaVault V2\,report.pdf,375 KB,Microsoft Edge PDF Document,2023/10/18 15:53:57,2024/9/22 9:34:59,2024/10/21 20:54:24
DAppSCAN\DAppSCAN-source\audit_report\Quantstamp-Merit Circle\,report.pdf,340 KB,Microsoft Edge PDF Document,2023/10/18 15:53:57,2024/9/22 9:34:59,2024/10/21 20:54:24
DAppSCAN\DAppSCAN-source\audit_report\Quantstamp-Mars4 ERC20\,report.pdf,331 KB,Microsoft Edge PDF Document,2023/10/18 15:53:57,2024/9/22 9:34:59,2024/10/21 20:54:23
DAppSCAN\DAppSCAN-source\audit_report\Quantstamp-MakerDAO Liquidations 2.0\,report.pdf,339 KB,Microsoft Edge PDF Document,2023/10/18 15:53:57,2024/9/22 9:34:59,2024/10/21 20:54:23
DAppSCAN\DAppSCAN-source\audit_report\Quantstamp-Mainframe\,report.pdf,354 KB,Microsoft Edge PDF Document,2023/10/18 15:53:57,2024/9/22 9:34:59,2024/10/21 20:54:23
DAppSCAN\DAppSCAN-source\audit_report\Quantstamp-Lendroid Whalestreet\,report.pdf,330 KB,Microsoft Edge PDF Document,2023/10/18 15:53:57,2024/9/22 9:34:59,2024/10/21 20:54:23
DAppSCAN\DAppSCAN-source\audit_report\Quantstamp-Idle Governance\,report.pdf,355 KB,Microsoft Edge PDF Document,2023/10/18 15:53:57,2024/9/22 9:34:59,2024/10/21 20:54:23
DAppSCAN\DAppSCAN-source\audit_report\Quantstamp-Idle Finance\,report.pdf,474 KB,Microsoft Edge PDF Document,2023/10/18 15:53:57,2024/9/22 9:34:59,2024/10/21 20:54:23
DAppSCAN\DAppSCAN-source\audit_report\Quantstamp-Ichi\,report.pdf,393 KB,Microsoft Edge PDF Document,2023/10/18 15:53:57,2024/9/22 9:34:59,2024/10/21 20:54:22
DAppSCAN\DAppSCAN-source\audit_report\Quantstamp-flexUSD\,report.pdf,322 KB,Microsoft Edge PDF Document,2023/10/18 15:53:57,2024/9/22 9:34:59,2024/10/21 20:54:22
DAppSCAN\DAppSCAN-source\audit_report\Quantstamp-dloop Art Registry Smart Contract\,report.pdf,407 KB,Microsoft Edge PDF Document,2023/10/18 15:53:57,2024/9/22 9:34:59,2024/10/21 20:54:22
DAppSCAN\DAppSCAN-source\audit_report\Quantstamp-dForce\,report.pdf,354 KB,Microsoft Edge PDF Document,2023/10/18 15:53:57,2024/9/22 9:34:59,2024/10/21 20:54:22
DAppSCAN\DAppSCAN-source\audit_report\Quantstamp-Degens\,report.pdf,337 KB,Microsoft Edge PDF Document,2023/10/18 15:53:57,2024/9/22 9:34:59,2024/10/21 20:54:22
DAppSCAN\DAppSCAN-source\audit_report\Quantstamp-Cryptex\,report.pdf,313 KB,Microsoft Edge PDF Document,2023/10/18 15:53:57,2024/9/22 9:34:59,2024/10/21 20:54:21
DAppSCAN\DAppSCAN-source\audit_report\Quantstamp-Cryptex Finance\,report.pdf,370 KB,Microsoft Edge PDF Document,2023/10/18 15:53:57,2024/9/22 9:34:59,2024/10/21 20:54:22
DAppSCAN\DAppSCAN-source\audit_report\Quantstamp-Compound Protocol\,report.pdf,331 KB,Microsoft Edge PDF Document,2023/10/18 15:53:57,2024/9/22 9:34:59,2024/10/21 20:54:20
DAppSCAN\DAppSCAN-source\audit_report\Quantstamp-Backstop Syndicate for MakerDAO\,report.pdf,330 KB,Microsoft Edge PDF Document,2023/10/18 15:53:57,2024/9/22 9:34:59,2024/10/21 20:54:20
DAppSCAN\DAppSCAN-source\audit_report\Quantstamp-Atomic Loans\,report.pdf,422 KB,Microsoft Edge PDF Document,2023/10/18 15:53:57,2024/9/22 9:34:59,2024/10/21 20:54:20
DAppSCAN\DAppSCAN-source\audit_report\Quantstamp-ArthSwap\,report.pdf,377 KB,Microsoft Edge PDF Document,2023/10/18 15:53:57,2024/9/22 9:34:59,2024/10/21 20:54:20
DAppSCAN\DAppSCAN-source\audit_report\Quantstamp-API3\,report.pdf,366 KB,Microsoft Edge PDF Document,2023/10/18 15:53:57,2024/9/22 9:34:59,2024/10/21 20:54:19
DAppSCAN\DAppSCAN-source\audit_report\Quantstamp-Ampleforth\,report.pdf,362 KB,Microsoft Edge PDF Document,2023/10/18 15:53:57,2024/9/22 9:34:59,2024/10/21 20:54:19
DAppSCAN\DAppSCAN-source\audit_report\Quantstamp-AlphaHomoraV2\,report.pdf,399 KB,Microsoft Edge PDF Document,2023/10/18 15:53:57,2024/9/22 9:34:59,2024/10/21 20:54:19
DAppSCAN\DAppSCAN-source\audit_report\Quantstamp-Acid - DigixDAO Dissolution Contract\,report.pdf,338 KB,Microsoft Edge PDF Document,2023/10/18 15:53:57,2024/9/22 9:34:59,2024/10/21 20:54:19
DAppSCAN\DAppSCAN-source\audit_report\Quantstamp-Aavegotchi GHST Staking\,report.pdf,360 KB,Microsoft Edge PDF Document,2023/10/18 15:53:57,2024/9/22 9:34:59,2024/10/21 20:54:19
DAppSCAN\DAppSCAN-source\audit_report\Quantstamp-88mph\,report.pdf,310 KB,Microsoft Edge PDF Document,2023/10/18 15:53:57,2024/9/22 9:34:59,2024/10/21 20:54:19
DAppSCAN\DAppSCAN-source\audit_report\PepperSec-POA-DPOS\,report.pdf,996 KB,Microsoft Edge PDF Document,2023/10/18 15:53:57,2024/9/22 9:34:59,2024/10/21 20:54:19
DAppSCAN\DAppSCAN-source\audit_report\PeckShield-TranchessV2\,report.pdf,344 KB,Microsoft Edge PDF Document,2023/10/18 15:53:57,2024/9/22 9:34:59,2024/10/21 20:54:13
DAppSCAN\DAppSCAN-source\audit_report\openzeppelin-Origin_Dollar\,report.pdf,380 KB,Microsoft Edge PDF Document,2023/10/18 15:53:57,2024/9/22 9:35:01,2024/10/21 20:54:00
DAppSCAN\DAppSCAN-source\audit_report\openzeppelin-Fei_Protocol\,report.pdf,"2,324 KB",Microsoft Edge PDF Document,2023/10/18 15:53:57,2024/9/22 9:35:01,2024/10/21 20:53:57
DAppSCAN\DAppSCAN-source\audit_report\openzeppelin-Endaoment\,report.pdf,312 KB,Microsoft Edge PDF Document,2023/10/18 15:53:57,2024/9/22 9:35:01,2024/10/21 20:53:57
DAppSCAN\DAppSCAN-source\audit_report\openzeppelin-BarnBridge_Smart_Yield_Bonds\,report.pdf,386 KB,Microsoft Edge PDF Document,2023/10/18 15:53:57,2024/9/22 9:35:01,2024/10/21 20:53:55
DAppSCAN\DAppSCAN-source\audit_report\openzeppelin-ACO_Protocol\,report.pdf,350 KB,Microsoft Edge PDF Document,2023/10/18 15:53:57,2024/9/22 9:35:01,2024/10/21 20:53:53
DAppSCAN\DAppSCAN-source\audit_report\consensys-Rocketpool\,report.pdf,"1,117 KB",Microsoft Edge PDF Document,2023/10/18 15:53:57,2024/9/22 9:35:01,2024/10/21 20:53:15
DAppSCAN\DAppSCAN-source\audit_report\Chainsulting-Percent\,report.pdf,"2,783 KB",Microsoft Edge PDF Document,2023/10/18 15:53:57,2024/9/22 9:34:58,2024/10/21 20:52:54
DAppSCAN\DAppSCAN-source\audit_report\Callisto_Network-McAfeeDex Security Audit\,report.pdf,128 KB,Microsoft Edge PDF Document,2023/10/18 15:53:57,2024/9/22 9:34:56,2024/10/21 20:51:52
DAppSCAN\DAppSCAN-source\audit_report\Quantstamp-Sequence Smart Wallet\wallet-contracts-7492cb33cea25696355a0e2a76f1fe9ea2adfbbd\audits\,Quantstamp_Arcadeum_Report_Final.pdf,391 KB,Microsoft Edge PDF Document,2023/10/18 15:53:57,2024/9/22 9:34:59,2024/10/21 20:54:28
DAppSCAN\DAppSCAN-source\audit_report\consensys-Fei_Labs_Flywheel_v2_xTRIBE_xERC4626\flywheel-v2-733d0e1f18090796f07d3f4c208d1ee1f89819c7\audits\,quantstamp_2-23-2022.pdf,364 KB,Microsoft Edge PDF Document,2023/10/18 15:53:57,2024/9/22 9:35:01,2024/10/21 20:53:11
DAppSCAN\DAppSCAN-source\audit_report\Ackee_Blockchain-GoodGhosting\,quantstamp-good-ghosting-core-files-audit.pdf,342 KB,Microsoft Edge PDF Document,2023/10/18 15:53:57,2024/9/22 15:38:49,2024/10/21 20:51:34
DAppSCAN\DAppSCAN-source\audit_report\Quantstamp-Naos-Formation\NAOS-Formation-master\audit\,Quantstamp - NAOS Formation Audit Report.pdf,393 KB,Microsoft Edge PDF Document,2023/10/18 15:53:57,2024/9/22 9:34:59,2024/10/21 20:54:25
DAppSCAN\DAppSCAN-source\audit_report\Quantstamp-NAOS-Formation Updates\NAOS-Formation-c1404ec0f5de6f80189b528acf5f0923ff8d4e6e\audit\,Quantstamp - NAOS Formation Audit Report.pdf,393 KB,Microsoft Edge PDF Document,2023/10/18 15:53:57,2024/9/22 9:34:59,2024/10/21 20:54:25
DAppSCAN\DAppSCAN-source\audit_report\Quantstamp-Naos-Formation\NAOS-Formation-master\audit\,Quantstamp - NAOS Formation Audit Report Updates.pdf,373 KB,Microsoft Edge PDF Document,2023/10/18 15:53:57,2024/9/22 9:34:59,2024/10/21 20:54:25
DAppSCAN\DAppSCAN-source\audit_report\Trail_of_Bits-Primitive\,Primitive.pdf,926 KB,Microsoft Edge PDF Document,2023/10/18 15:53:57,2024/9/22 9:35:01,2024/10/21 20:55:12
DAppSCAN\DAppSCAN-source\audit_report\Coinfabrik-Polymath Core Audit\polymath-core-dev-3.1.0\audit reports\,Polymath_Audit_Nov_2019_v3.1.0.pdf,451 KB,Microsoft Edge PDF Document,2023/10/18 15:53:57,2024/9/22 9:34:58,2024/10/21 20:53:06
DAppSCAN\DAppSCAN-source\audit_report\PepperSec-KICKTOKEN\public-audit-reports-master\reports_pdf\,POA-DPOS-audit-report.pdf,996 KB,Microsoft Edge PDF Document,2023/10/18 15:53:57,2024/9/22 9:34:59,2024/10/21 20:54:18
DAppSCAN\DAppSCAN-source\audit_report\Trail_of_Bits-ParallelFinance\,ParallelFinance.pdf,747 KB,Microsoft Edge PDF Document,2023/10/18 15:53:57,2024/9/22 9:35:01,2024/10/21 20:55:12
DAppSCAN\DAppSCAN-source\audit_report\Trail_of_Bits-OriginDollar\,OriginDollar.pdf,491 KB,Microsoft Edge PDF Document,2023/10/18 15:53:57,2024/9/22 9:35:01,2024/10/21 20:55:12
DAppSCAN\DAppSCAN-source\audit_report\QuillAudits-Lido-Aave stETH\aave-protocol-v2-12c9111990c9699e84a36f30ba849486ef8f2a84\audits\,Mixbytes-aave-v2-03-12-2020.pdf,"3,396 KB",Microsoft Edge PDF Document,2023/10/18 15:53:57,2024/9/22 9:35:00,2024/10/21 20:54:48
DAppSCAN\DAppSCAN-source\audit_report\QuillAudits-AAVE-ParaSwap Adapter\aave-protocol-v2-14e2ab47d95f42ec5ee486f367067e78a7588878\audits\,Mixbytes-aave-v2-03-12-2020.pdf,"3,396 KB",Microsoft Edge PDF Document,2023/10/18 15:53:57,2024/9/22 9:34:59,2024/10/21 20:54:32
DAppSCAN\DAppSCAN-source\audit_report\PeckShield-AaveV3\code\aave-v3-core-14f6148e21b477d78347db6a1603039c9559e275\audits\,Mixbytes-aave-v2-03-12-2020.pdf,"3,396 KB",Microsoft Edge PDF Document,2023/10/18 15:53:57,2024/9/22 9:34:59,2024/10/21 20:54:03
DAppSCAN\DAppSCAN-source\audit_report\consensys-MCDEX_Mai_Protocol_V2\,MCDEX Mai Protocol V2 _ ConsenSys Diligence.pdf,"5,422 KB",Microsoft Edge PDF Document,2023/10/18 15:53:57,2024/9/22 9:35:01,2024/10/21 20:53:13
DAppSCAN\DAppSCAN-source\audit_report\Trail_of_Bits-LiquityProtocolandStabilityPoolFinalReport\,LiquityProtocolandStabilityPoolFinalReport.pdf,253 KB,Microsoft Edge PDF Document,2023/10/18 15:53:57,2024/9/22 9:35:01,2024/10/21 20:55:10
DAppSCAN\DAppSCAN-source\audit_report\Chainsecurity-Compound  cToken unredacted\,ChainSecurity_Compound_cToken_audit.pdf,649 KB,Microsoft Edge PDF Document,2023/10/18 15:53:57,2024/9/22 9:34:56,2024/10/21 20:51:52
DAppSCAN\DAppSCAN-source\audit_report\Chainsecurity-Angle Protocol  Borrowing Module\,ChainSecurity_Angle_Angle_Borrowing_Module_audit.pdf,723 KB,Microsoft Edge PDF Document,2023/10/18 15:53:57,2024/9/22 9:34:56,2024/10/21 20:51:52
DAppSCAN\DAppSCAN-source\audit_report\QuillAudits-Lido-Aave stETH\aave-protocol-v2-12c9111990c9699e84a36f30ba849486ef8f2a84\audits\,Certora-FV-aave-v2-03-12-2020.pdf,264 KB,Microsoft Edge PDF Document,2023/10/18 15:53:57,2024/9/22 9:35:00,2024/10/21 20:54:48
DAppSCAN\DAppSCAN-source\audit_report\QuillAudits-AAVE-ParaSwap Adapter\aave-protocol-v2-14e2ab47d95f42ec5ee486f367067e78a7588878\audits\,Certora-FV-aave-v2-03-12-2020.pdf,264 KB,Microsoft Edge PDF Document,2023/10/18 15:53:57,2024/9/22 9:34:59,2024/10/21 20:54:32
DAppSCAN\DAppSCAN-source\audit_report\PeckShield-AaveV3\code\aave-v3-core-14f6148e21b477d78347db6a1603039c9559e275\audits\,Certora-FV-aave-v2-03-12-2020.pdf,264 KB,Microsoft Edge PDF Document,2023/10/18 15:53:57,2024/9/22 9:34:59,2024/10/21 20:54:03
DAppSCAN\DAppSCAN-source\audit_report\Inspex-SpookySwap Integration & Fantom Expansion\bsc-alpaca-contract-4553a34a6dcfcfbf7aebc693bb5c5c6074c73129\audits\protocol\,CertiK Security Assessment for Alpaca Finance 1.pdf,"4,518 KB",Microsoft Edge PDF Document,2023/10/18 15:53:57,2024/9/22 9:34:59,2024/10/21 20:53:44
DAppSCAN\DAppSCAN-source\audit_report\BlockSec-blocksec_alpaca_v1.0_signed\bsc-alpaca-contract-cb13e32fe5a4ba6f63b0235bd4624715592e4abe\audits\protocol\,CertiK Security Assessment for Alpaca Finance 1.pdf,"4,518 KB",Microsoft Edge PDF Document,2023/10/18 15:53:57,2024/9/22 9:34:56,2024/10/21 20:51:38
DAppSCAN\DAppSCAN-source\audit_report\Coinfabrik-ArcadierX Security Audit\arcadierx-master\ARCX Tokens\,ArcadierX Token Minting Smart Contract Audit by CoinFabrik 20190301.pdf,89 KB,Microsoft Edge PDF Document,2023/10/18 15:53:57,2024/9/22 9:34:58,2024/10/21 20:52:59
DAppSCAN\DAppSCAN-source\audit_report\consensys-Aave_Protocol_V2\,Aave Protocol V2 _ ConsenSys Diligence.pdf,909 KB,Microsoft Edge PDF Document,2023/10/18 15:53:57,2024/9/22 9:35:01,2024/10/21 20:53:09
DAppSCAN\DAppSCAN-source\audit_report\Trail_of_Bits-0x-protocol\,0x-protocol.pdf,"3,011 KB",Microsoft Edge PDF Document,2023/10/18 15:53:57,2024/9/22 9:35:01,2024/10/21 20:55:06
DAppSCAN\DAppSCAN-source\audit_report\Chainsulting-Nexxo\Smart-Contract-Security-Audits-master\Percent Finance\,02_Smart Contract Audit Percent Finance.pdf,"2,783 KB",Microsoft Edge PDF Document,2023/10/18 15:53:57,2024/9/22 9:34:58,2024/10/21 20:52:45
DAppSCAN\DAppSCAN-source\audit_report\Chainsulting-DSLA Protocol-project1\Smart-Contract-Security-Audits-master\Percent Finance\,02_Smart Contract Audit Percent Finance.pdf,"2,783 KB",Microsoft Edge PDF Document,2023/10/18 15:53:57,2024/9/22 9:34:57,2024/10/21 20:52:15
DAppSCAN\DAppSCAN-source\audit_report\Runtime_Vеrification-Element_Finance_Governance_Security_Audit_Report\,report.pdf,378 KB,Microsoft Edge PDF Document,2023/10/18 15:53:57,2024/9/22 9:35:00,2024/10/21 20:54:56
DAppSCAN\DAppSCAN-source\audit_report\QuillAudits-Alium Finance Smart Contract\,report.pdf,"2,490 KB",Microsoft Edge PDF Document,2023/10/18 15:53:57,2024/9/22 9:34:59,2024/10/21 20:54:34
DAppSCAN\DAppSCAN-source\audit_report\PeckShield-VeChain\,report.pdf,349 KB,Microsoft Edge PDF Document,2023/10/18 15:53:57,2024/9/22 9:34:59,2024/10/21 20:54:15
DAppSCAN\DAppSCAN-source\audit_report\PeckShield-Swerve\,report.pdf,526 KB,Microsoft Edge PDF Document,2023/10/18 15:53:57,2024/9/22 9:34:59,2024/10/21 20:54:12
DAppSCAN\DAppSCAN-source\audit_report\PeckShield-StackerVC\,report.pdf,388 KB,Microsoft Edge PDF Document,2023/10/18 15:53:57,2024/9/22 9:34:59,2024/10/21 20:54:11
DAppSCAN\DAppSCAN-source\audit_report\PeckShield-OneSwap\,report.pdf,586 KB,Microsoft Edge PDF Document,2023/10/18 15:53:57,2024/9/22 9:34:59,2024/10/21 20:54:09
DAppSCAN\DAppSCAN-source\audit_report\PeckShield-Kalmar\,report.pdf,388 KB,Microsoft Edge PDF Document,2023/10/18 15:53:57,2024/9/22 9:34:59,2024/10/21 20:54:08
DAppSCAN\DAppSCAN-source\audit_report\PeckShield-dodo\,report.pdf,514 KB,Microsoft Edge PDF Document,2023/10/18 15:53:57,2024/9/22 9:34:59,2024/10/21 20:54:06
DAppSCAN\DAppSCAN-source\audit_report\PeckShield-btdotfinance\,report.pdf,388 KB,Microsoft Edge PDF Document,2023/10/18 15:53:57,2024/9/22 9:34:59,2024/10/21 20:54:04
DAppSCAN\DAppSCAN-source\audit_report\PeckShield-Arche\,report.pdf,379 KB,Microsoft Edge PDF Document,2023/10/18 15:53:57,2024/9/22 9:34:59,2024/10/21 20:54:03
DAppSCAN\DAppSCAN-source\audit_report\openzeppelin-Saddle_Contracts\,report.pdf,282 KB,Microsoft Edge PDF Document,2023/10/18 15:53:57,2024/9/22 9:35:01,2024/10/21 20:54:01
DAppSCAN\DAppSCAN-source\audit_report\ImmuneBytes-NFY Trading Platform-Audit Report\,report.pdf,419 KB,Microsoft Edge PDF Document,2023/10/18 15:53:57,2024/9/22 9:34:59,2024/10/21 20:53:36
DAppSCAN\DAppSCAN-source\audit_report\consensys-Idle_Finance\,report.pdf,203 KB,Microsoft Edge PDF Document,2023/10/18 15:53:57,2024/9/22 9:35:01,2024/10/21 20:53:12
DAppSCAN\DAppSCAN-source\audit_report\Inspex-SpookySwap Integration & Fantom Expansion\bsc-alpaca-contract-4553a34a6dcfcfbf7aebc693bb5c5c6074c73129\audits\cakemaxi\,PeckShield-Audit-Report-Alpaca-CakeMaxi-v1.0.pdf,324 KB,Microsoft Edge PDF Document,2023/10/18 15:53:57,2024/9/22 9:34:59,2024/10/21 20:53:42
DAppSCAN\DAppSCAN-source\audit_report\BlockSec-blocksec_alpaca_v1.0_signed\bsc-alpaca-contract-cb13e32fe5a4ba6f63b0235bd4624715592e4abe\audits\cakemaxi\,PeckShield-Audit-Report-Alpaca-CakeMaxi-v1.0.pdf,324 KB,Microsoft Edge PDF Document,2023/10/18 15:53:57,2024/9/22 9:34:56,2024/10/21 20:51:35
DAppSCAN\DAppSCAN-source\audit_report\Inspex-SpookySwap Integration & Fantom Expansion\bsc-alpaca-contract-4553a34a6dcfcfbf7aebc693bb5c5c6074c73129\audits\add-collateral-routine\,PeckShield-Audit-Report-Alpaca-addCollateral-v1.0.pdf,347 KB,Microsoft Edge PDF Document,2023/10/18 15:53:57,2024/9/22 9:34:59,2024/10/21 20:53:42
DAppSCAN\DAppSCAN-source\audit_report\BlockSec-blocksec_alpaca_v1.0_signed\bsc-alpaca-contract-cb13e32fe5a4ba6f63b0235bd4624715592e4abe\audits\add-collateral-routine\,PeckShield-Audit-Report-Alpaca-addCollateral-v1.0.pdf,347 KB,Microsoft Edge PDF Document,2023/10/18 15:53:57,2024/9/22 9:34:56,2024/10/21 20:51:35
DAppSCAN\DAppSCAN-source\audit_report\QuillAudits-Lido-Aave stETH\aave-protocol-v2-12c9111990c9699e84a36f30ba849486ef8f2a84\audits\,Peckshield-aave-v2-03-12-2020-EN.pdf,805 KB,Microsoft Edge PDF Document,2023/10/18 15:53:57,2024/9/22 9:35:00,2024/10/21 20:54:49
DAppSCAN\DAppSCAN-source\audit_report\QuillAudits-AAVE-ParaSwap Adapter\aave-protocol-v2-14e2ab47d95f42ec5ee486f367067e78a7588878\audits\,Peckshield-aave-v2-03-12-2020-EN.pdf,805 KB,Microsoft Edge PDF Document,2023/10/18 15:53:57,2024/9/22 9:34:59,2024/10/21 20:54:33
DAppSCAN\DAppSCAN-source\audit_report\PeckShield-AaveV3\code\aave-v3-core-14f6148e21b477d78347db6a1603039c9559e275\audits\,Peckshield-aave-v2-03-12-2020-EN.pdf,805 KB,Microsoft Edge PDF Document,2023/10/18 15:53:57,2024/9/22 9:34:59,2024/10/21 20:54:03
DAppSCAN\DAppSCAN-source\audit_report\ImmuneBytes-NFY Trading Platform-Final Audit Report\,NFY Trading Platform - Final Audit Report.pdf,375 KB,Microsoft Edge PDF Document,2023/10/18 15:53:57,2024/9/22 9:34:59,2024/10/21 20:53:36
DAppSCAN\DAppSCAN-source\audit_report\SlowMist-DODO-NFTPool Smart Contract Security Audit Report\contractV2-feature-nftPool\audit\,dodo_audit_report_2020_16_en_1.0.pdf,514 KB,Microsoft Edge PDF Document,2023/10/18 15:53:57,2024/9/22 9:35:00,2024/10/21 20:55:01
DAppSCAN\DAppSCAN-source\audit_report\SlowMist-DODO-NFTPool Smart Contract Security Audit Report\contractV2-e16ceb038ed6bf070ea75d9359c7ad54e6f3e226\audit\,dodo_audit_report_2020_16_en_1.0.pdf,514 KB,Microsoft Edge PDF Document,2023/10/18 15:53:57,2024/9/22 9:35:00,2024/10/21 20:54:59
DAppSCAN\DAppSCAN-source\audit_report\SlowMist-DODO-MiningV3 and NFT Smart Contract Security Audit Report\contractV2-feature-nft\audit\,dodo_audit_report_2020_16_en_1.0.pdf,514 KB,Microsoft Edge PDF Document,2023/10/18 15:53:57,2024/9/22 9:35:00,2024/10/21 20:54:59
DAppSCAN\DAppSCAN-source\audit_report\SlowMist-DODO-MiningV3 and NFT Smart Contract Security Audit Report\contractV2-feature-mineUpdate\audit\,dodo_audit_report_2020_16_en_1.0.pdf,514 KB,Microsoft Edge PDF Document,2023/10/18 15:53:57,2024/9/22 9:35:00,2024/10/21 20:54:57
DAppSCAN\DAppSCAN-source\audit_report\BlockSec-blocksec_multichain_vemult_v1.0_signed\,blocksec_multichain_vemult_v1.0_signed.pdf,704 KB,Microsoft Edge PDF Document,2023/10/18 15:53:57,2024/9/22 9:34:56,2024/10/21 20:51:37
DAppSCAN\DAppSCAN-source\audit_report\SlowMist-DODO-NFTPool Smart Contract Security Audit Report\contractV2-feature-nftPool\audit\,[PeckShiled] MiningV3.pdf,362 KB,Microsoft Edge PDF Document,2023/10/18 15:53:57,2024/9/22 9:35:00,2024/10/21 20:55:02
DAppSCAN\DAppSCAN-source\audit_report\SlowMist-DODO-NFTPool Smart Contract Security Audit Report\contractV2-e16ceb038ed6bf070ea75d9359c7ad54e6f3e226\audit\,[PeckShiled] MiningV3.pdf,362 KB,Microsoft Edge PDF Document,2023/10/18 15:53:57,2024/9/22 9:35:00,2024/10/21 20:55:01
DAppSCAN\DAppSCAN-source\audit_report\SlowMist-DODO-NFTPool Smart Contract Security Audit Report\contractV2-feature-nftPool\audit\,[Peckshield] dodo_audit_report_2020_16_en_1.0.pdf,514 KB,Microsoft Edge PDF Document,2023/10/18 15:53:57,2024/9/22 9:35:00,2024/10/21 20:55:02
DAppSCAN\DAppSCAN-source\audit_report\SlowMist-DODO-NFTPool Smart Contract Security Audit Report\contractV2-e16ceb038ed6bf070ea75d9359c7ad54e6f3e226\audit\,[Peckshield] dodo_audit_report_2020_16_en_1.0.pdf,514 KB,Microsoft Edge PDF Document,2023/10/18 15:53:57,2024/9/22 9:35:00,2024/10/21 20:55:00
DAppSCAN\DAppSCAN-source\audit_report\SlowMist-DODO-MiningV3 and NFT Smart Contract Security Audit Report\contractV2-feature-nft\audit\,[Peckshield] dodo_audit_report_2020_16_en_1.0.pdf,514 KB,Microsoft Edge PDF Document,2023/10/18 15:53:57,2024/9/22 9:35:00,2024/10/21 20:54:59
DAppSCAN\DAppSCAN-source\audit_report\SlowMist-DODO-MiningV3 and NFT Smart Contract Security Audit Report\contractV2-feature-mineUpdate\audit\,[Peckshield] dodo_audit_report_2020_16_en_1.0.pdf,514 KB,Microsoft Edge PDF Document,2023/10/18 15:53:57,2024/9/22 9:35:00,2024/10/21 20:54:58
DAppSCAN\DAppSCAN-source\audit_report\Chainsulting-DSLA Protocol-project1\Smart-Contract-Security-Audits-master\NAFTA\,02_Smart_Contract_Audit_NAFTA_Market.pdf,"2,498 KB",Microsoft Edge PDF Document,2023/10/18 15:53:57,2024/9/22 9:34:57,2024/10/21 20:52:12
DAppSCAN\DAppSCAN-source\audit_report\Coinfabrik-Polymath Core Audit\polymath-core-dev-3.1.0\audit reports\,V3 Audit Report by Consensys Diligence - April 2019.pdf,350 KB,Microsoft Edge PDF Document,2023/10/18 15:53:57,2024/9/22 9:34:58,2024/10/21 20:53:06
DAppSCAN\DAppSCAN-source\audit_report\PeckShield-starkex\starkex-contracts-master\audit\,StarkPerpetual_v1.0_Audit_Report.pdf,829 KB,Microsoft Edge PDF Document,2023/10/18 15:53:57,2024/9/22 9:34:59,2024/10/21 20:54:12
DAppSCAN\DAppSCAN-source\audit_report\Trail_of_Bits-YieldProtocol\,report.pdf,369 KB,Microsoft Edge PDF Document,2023/10/18 15:53:57,2024/9/22 9:35:01,2024/10/21 20:55:12
DAppSCAN\DAppSCAN-source\audit_report\Trail_of_Bits-UniswapV3Core\,report.pdf,561 KB,Microsoft Edge PDF Document,2023/10/18 15:53:57,2024/9/22 9:35:01,2024/10/21 20:55:13
DAppSCAN\DAppSCAN-source\audit_report\Trail_of_Bits-setprotocol\,report.pdf,565 KB,Microsoft Edge PDF Document,2023/10/18 15:53:57,2024/9/22 9:35:01,2024/10/21 20:55:12
DAppSCAN\DAppSCAN-source\audit_report\Trail_of_Bits-livepeer\,report.pdf,346 KB,Microsoft Edge PDF Document,2023/10/18 15:53:57,2024/9/22 9:35:01,2024/10/21 20:55:11
DAppSCAN\DAppSCAN-source\audit_report\Trail_of_Bits-golem\,report.pdf,516 KB,Microsoft Edge PDF Document,2023/10/18 15:53:57,2024/9/22 9:35:01,2024/10/21 20:55:08
DAppSCAN\DAppSCAN-source\audit_report\Trail_of_Bits-CurveDAO\,report.pdf,477 KB,Microsoft Edge PDF Document,2023/10/18 15:53:57,2024/9/22 9:35:01,2024/10/21 20:55:08
DAppSCAN\DAppSCAN-source\audit_report\QuillAudits-RICE - v1.2\,report.pdf,111 KB,Microsoft Edge PDF Document,2023/10/18 15:53:57,2024/9/22 9:35:00,2024/10/21 20:54:53
DAppSCAN\DAppSCAN-source\audit_report\QuillAudits-HE - v1.2\,report.pdf,578 KB,Microsoft Edge PDF Document,2023/10/18 15:53:57,2024/9/22 9:35:00,2024/10/21 20:54:46
DAppSCAN\DAppSCAN-source\audit_report\QuillAudits-DOXY - v1.3\,report.pdf,"1,322 KB",Microsoft Edge PDF Document,2023/10/18 15:53:57,2024/9/22 9:35:00,2024/10/21 20:54:44
DAppSCAN\DAppSCAN-source\audit_report\PeckShield-Venus\,report.pdf,396 KB,Microsoft Edge PDF Document,2023/10/18 15:53:57,2024/9/22 9:34:59,2024/10/21 20:54:15
DAppSCAN\DAppSCAN-source\audit_report\PeckShield-USR\,report.pdf,452 KB,Microsoft Edge PDF Document,2023/10/18 15:53:57,2024/9/22 9:34:59,2024/10/21 20:54:14
DAppSCAN\DAppSCAN-source\audit_report\PeckShield-Rikkei\,report.pdf,439 KB,Microsoft Edge PDF Document,2023/10/18 15:53:57,2024/9/22 9:34:59,2024/10/21 20:54:10
DAppSCAN\DAppSCAN-source\audit_report\PeckShield-Qubit\,report.pdf,377 KB,Microsoft Edge PDF Document,2023/10/18 15:53:57,2024/9/22 9:34:59,2024/10/21 20:54:10
DAppSCAN\DAppSCAN-source\audit_report\PeckShield-OpenLeverage1.0\,report.pdf,447 KB,Microsoft Edge PDF Document,2023/10/18 15:53:57,2024/9/22 9:34:59,2024/10/21 20:54:09
DAppSCAN\DAppSCAN-source\audit_report\PeckShield-LuckyToken\,report.pdf,339 KB,Microsoft Edge PDF Document,2023/10/18 15:53:57,2024/9/22 9:34:59,2024/10/21 20:54:08
DAppSCAN\DAppSCAN-source\audit_report\PeckShield-IronLend\,report.pdf,362 KB,Microsoft Edge PDF Document,2023/10/18 15:53:57,2024/9/22 9:34:59,2024/10/21 20:54:08
DAppSCAN\DAppSCAN-source\audit_report\PeckShield-ERC20_LuckyChip\,report.pdf,343 KB,Microsoft Edge PDF Document,2023/10/18 15:53:57,2024/9/22 9:34:59,2024/10/21 20:54:07
DAppSCAN\DAppSCAN-source\audit_report\PeckShield-ERC20_FAT\,report.pdf,340 KB,Microsoft Edge PDF Document,2023/10/18 15:53:57,2024/9/22 9:34:59,2024/10/21 20:54:06
DAppSCAN\DAppSCAN-source\audit_report\PeckShield-ERC20_AGRO\,report.pdf,319 KB,Microsoft Edge PDF Document,2023/10/18 15:53:57,2024/9/22 9:34:59,2024/10/21 20:54:06
DAppSCAN\DAppSCAN-source\audit_report\PeckShield-Donut\,report.pdf,371 KB,Microsoft Edge PDF Document,2023/10/18 15:53:57,2024/9/22 9:34:59,2024/10/21 20:54:06
DAppSCAN\DAppSCAN-source\audit_report\PeckShield-CryptoHeroes\,report.pdf,374 KB,Microsoft Edge PDF Document,2023/10/18 15:53:57,2024/9/22 9:34:59,2024/10/21 20:54:05
DAppSCAN\DAppSCAN-source\audit_report\PeckShield-Atlantis\,report.pdf,384 KB,Microsoft Edge PDF Document,2023/10/18 15:53:57,2024/9/22 9:34:59,2024/10/21 20:54:04
DAppSCAN\DAppSCAN-source\audit_report\openzeppelin-Opyn_Gamma_Protocol\,report.pdf,"1,279 KB",Microsoft Edge PDF Document,2023/10/18 15:53:57,2024/9/22 9:35:01,2024/10/21 20:54:00
DAppSCAN\DAppSCAN-source\audit_report\openzeppelin-Alpha_Finance_Homora_V2\,report.pdf,363 KB,Microsoft Edge PDF Document,2023/10/18 15:53:57,2024/9/22 9:35:01,2024/10/21 20:53:54
DAppSCAN\DAppSCAN-source\audit_report\openzeppelin-1inch_Limit_Order_Protocol\,report.pdf,388 KB,Microsoft Edge PDF Document,2023/10/18 15:53:57,2024/9/22 9:35:01,2024/10/21 20:53:53
DAppSCAN\DAppSCAN-source\audit_report\openzeppelin-1inch_Fixed_Rate_Swap\,report.pdf,238 KB,Microsoft Edge PDF Document,2023/10/18 15:53:57,2024/9/22 9:35:01,2024/10/21 20:53:53
DAppSCAN\DAppSCAN-source\audit_report\New_Alchemy_Security_Audit-ICOVO Smart Contract Audit\,report.pdf,"2,750 KB",Microsoft Edge PDF Document,2023/10/18 15:53:57,2024/9/22 9:34:59,2024/10/21 20:53:53
DAppSCAN\DAppSCAN-source\audit_report\Hacken-Fidometa-V2\,report.pdf,312 KB,Microsoft Edge PDF Document,2023/10/18 15:53:57,2024/9/22 9:34:58,2024/10/21 20:53:20
DAppSCAN\DAppSCAN-source\audit_report\Hacken-Fidometa-V1\,report.pdf,342 KB,Microsoft Edge PDF Document,2023/10/18 15:53:57,2024/9/22 9:34:58,2024/10/21 20:53:20
DAppSCAN\DAppSCAN-source\audit_report\Cystack-AOC ERC-20 V2 - v1.2\,report.pdf,85 KB,Microsoft Edge PDF Document,2023/10/18 15:53:57,2024/9/22 9:34:58,2024/10/21 20:53:16
DAppSCAN\DAppSCAN-source\audit_report\Cystack-AOC BEP-20 - v1.3\,report.pdf,143 KB,Microsoft Edge PDF Document,2023/10/18 15:53:57,2024/9/22 9:34:58,2024/10/21 20:53:16
DAppSCAN\DAppSCAN-source\audit_report\Coinspect-Zendoo Source Code Audit\,report.pdf,290 KB,Microsoft Edge PDF Document,2023/10/18 15:53:57,2024/9/22 9:34:58,2024/10/21 20:53:08
DAppSCAN\DAppSCAN-source\audit_report\Chainsulting-Furucombo-project2\,report.pdf,"1,853 KB",Microsoft Edge PDF Document,2023/10/18 15:53:57,2024/9/22 9:34:57,2024/10/21 20:52:25
DAppSCAN\DAppSCAN-source\audit_report\Coinfabrik-Polymath Core Audit\polymath-core-dev-3.1.0\audit reports\,Polymath Audit Report - STO Modules .pdf,122 KB,Microsoft Edge PDF Document,2023/10/18 15:53:57,2024/9/22 9:34:58,2024/10/21 20:53:05
DAppSCAN\DAppSCAN-source\audit_report\Trail_of_Bits-PerpetualProtocolV2\,PerpetualProtocolV2.pdf,580 KB,Microsoft Edge PDF Document,2023/10/18 15:53:57,2024/9/22 9:35:01,2024/10/21 20:55:12
DAppSCAN\DAppSCAN-source\audit_report\QuillAudits-Lido-Aave stETH\aave-protocol-v2-12c9111990c9699e84a36f30ba849486ef8f2a84\audits\,PeckShield-aave-v2-03-12-2020-CN.pdf,"1,313 KB",Microsoft Edge PDF Document,2023/10/18 15:53:57,2024/9/22 9:35:00,2024/10/21 20:54:49
DAppSCAN\DAppSCAN-source\audit_report\QuillAudits-AAVE-ParaSwap Adapter\aave-protocol-v2-14e2ab47d95f42ec5ee486f367067e78a7588878\audits\,PeckShield-aave-v2-03-12-2020-CN.pdf,"1,313 KB",Microsoft Edge PDF Document,2023/10/18 15:53:57,2024/9/22 9:34:59,2024/10/21 20:54:33
DAppSCAN\DAppSCAN-source\audit_report\PeckShield-AaveV3\code\aave-v3-core-14f6148e21b477d78347db6a1603039c9559e275\audits\,PeckShield-aave-v2-03-12-2020-CN.pdf,"1,313 KB",Microsoft Edge PDF Document,2023/10/18 15:53:57,2024/9/22 9:34:59,2024/10/21 20:54:04
DAppSCAN\DAppSCAN-source\audit_report\Trail_of_Bits-Opyn\,Opyn.pdf,283 KB,Microsoft Edge PDF Document,2023/10/18 15:53:57,2024/9/22 9:35:01,2024/10/21 20:55:11
DAppSCAN\DAppSCAN-source\audit_report\Trail_of_Bits-Opyn-Gamma-Protocol\,Opyn-Gamma-Protocol.pdf,409 KB,Microsoft Edge PDF Document,2023/10/18 15:53:57,2024/9/22 9:35:01,2024/10/21 20:55:12
DAppSCAN\DAppSCAN-source\audit_report\Trail_of_Bits-Liquity\,Liquity.pdf,442 KB,Microsoft Edge PDF Document,2023/10/18 15:53:57,2024/9/22 9:35:01,2024/10/21 20:55:09
DAppSCAN\DAppSCAN-source\audit_report\consensys-Fairmint_Continuous_Securities_Offering\,Fairmint Continuous Securities Offering _ Consensys Diligence.pdf,682 KB,Microsoft Edge PDF Document,2023/10/18 15:53:57,2024/9/22 9:35:01,2024/10/21 20:53:11
DAppSCAN\DAppSCAN-source\audit_report\PepperSec-KICKTOKEN\public-audit-reports-master\reports_pdf\,Dragonereum-audit-report.pdf,805 KB,Microsoft Edge PDF Document,2023/10/18 15:53:57,2024/9/22 9:34:59,2024/10/21 20:54:17
DAppSCAN\DAppSCAN-source\audit_report\Chainsecurity-Primitive Finance  Core engine smart contracts\,ChainSecurity_Primitive-Finance-Core-Engine_Smart-Contract-Audit_October-11th-2021.pdf,684 KB,Microsoft Edge PDF Document,2023/10/18 15:53:57,2024/9/22 9:34:56,2024/10/21 20:51:55
DAppSCAN\DAppSCAN-source\audit_report\QuillAudits-Lido-Aave stETH\aave-protocol-v2-12c9111990c9699e84a36f30ba849486ef8f2a84\audits\,Certik-aave-v2-03-12-2020.pdf,"1,331 KB",Microsoft Edge PDF Document,2023/10/18 15:53:57,2024/9/22 9:35:00,2024/10/21 20:54:48
DAppSCAN\DAppSCAN-source\audit_report\QuillAudits-AAVE-ParaSwap Adapter\aave-protocol-v2-14e2ab47d95f42ec5ee486f367067e78a7588878\audits\,Certik-aave-v2-03-12-2020.pdf,"1,331 KB",Microsoft Edge PDF Document,2023/10/18 15:53:57,2024/9/22 9:34:59,2024/10/21 20:54:32
DAppSCAN\DAppSCAN-source\audit_report\PeckShield-AaveV3\code\aave-v3-core-14f6148e21b477d78347db6a1603039c9559e275\audits\,Certik-aave-v2-03-12-2020.pdf,"1,331 KB",Microsoft Edge PDF Document,2023/10/18 15:53:57,2024/9/22 9:34:59,2024/10/21 20:54:03
DAppSCAN\DAppSCAN-source\audit_report\consensys-Balancer_Finance\,Balancer Finance _ ConsenSys Diligence.pdf,"1,830 KB",Microsoft Edge PDF Document,2023/10/18 15:53:57,2024/9/22 9:35:01,2024/10/21 20:53:10
DAppSCAN\DAppSCAN-source\audit_report\Trail_of_Bits-Primitive\rmm-core-5dcf4306fc32fb9a4e3c154deb86f6b9d513c344\audits\chainsecurity\,audit.pdf,684 KB,Microsoft Edge PDF Document,2023/10/18 15:53:57,2024/9/22 9:35:01,2024/10/21 20:55:12
DAppSCAN\DAppSCAN-source\audit_report\QuillAudits-Amplify voting Smart Contract\,Amplify voting Smart Contract Audit Report - QuillAudits.pdf,"1,783 KB",Microsoft Edge PDF Document,2023/10/18 15:53:57,2024/9/22 9:34:59,2024/10/21 20:54:34
DAppSCAN\DAppSCAN-source\audit_report\Coinfabrik-EMDX – Protocol Audit\perpetual-protocol-emdx-main\audit\,2021-12 EMDX Protocol Audit.pdf,117 KB,Microsoft Edge PDF Document,2023/10/18 15:53:57,2024/9/22 9:34:58,2024/10/21 20:53:04
DAppSCAN\DAppSCAN-source\audit_report\Coinfabrik-EMDX – Protocol Audit\perpetual-protocol-emdx-main\audit\,2021-12 EMDX Protocol Audit.final.pdf,120 KB,Microsoft Edge PDF Document,2023/10/18 15:53:57,2024/9/22 9:34:58,2024/10/21 20:53:03
DAppSCAN\DAppSCAN-source\audit_report\Chainsulting-Nexxo\Smart-Contract-Security-Audits-master\Furucombo\,02_Smart Contract Audit_Furucombo_Trevi.pdf,"1,853 KB",Microsoft Edge PDF Document,2023/10/18 15:53:57,2024/9/22 9:34:57,2024/10/21 20:52:38
DAppSCAN\DAppSCAN-source\audit_report\Chainsulting-DSLA Protocol-project1\Smart-Contract-Security-Audits-master\Furucombo\,02_Smart Contract Audit_Furucombo_Trevi.pdf,"1,853 KB",Microsoft Edge PDF Document,2023/10/18 15:53:57,2024/9/22 9:34:57,2024/10/21 20:52:08
DAppSCAN\DAppSCAN-source\audit_report\Ackee_Blockchain-GoodGhosting\,dedaub-good-ghosting-core-files-audit.pdf,136 KB,Microsoft Edge PDF Document,2023/10/18 15:53:57,2024/9/22 15:46:01,2024/10/22 10:39:40
